[
	// Weapon
	{
		"name": "Weapon",
		"type": "toggle",
		"loop": "true",
		"img": "images/81_CrystalSpear.png",
		"codes": "weapon, spear, cryspear"
	},
	// Armor
	{
		"name": "Armor",
		"type": "toggle",
		"loop": "true",
		"img": "images/A1_LeatherArmor.png",
		"codes": "armor, leatherarmor"
	},
	// Ruby
	{
		"name": "Ruby",
		"type": "toggle",
		"loop": "true",
		"img": "images/ruby.png",
		"codes": "ruby, sylvainruby"
	},
	// Ship
	{
		"name": "Ship",
		"type": "toggle",
		"loop": "true",
		"img": "images/ShipCustom16x16c.png",
		"codes": "ship, boat"
	},
	// Airplane
	{
		"name": "Airplane",
		"type": "toggle",
		"loop": "true",
		"img": "images/AirplaneCustom16x16.png",
		"codes": "airplane, plane"
	},
	// Bombs
	{
    "name": "Bombs",
    "type": "progressive",
    "loop": "false",
    "allow_disabled": "false",
    "stages": [
      {
        "img": "images/48_TimeBomb.png",
        "img_mods": "@disabled"
      },
      {
        "img": "images/48_TimeBomb_1.png",
        "codes": "bombs, timebombs"
      },
      {
        "img": "images/48_TimeBomb_2.png"
      },
      {
        "img": "images/48_TimeBomb_3.png"
      },
	  {
        "img": "images/48_TimeBomb_4.png"
      },
	  {
        "img": "images/48_TimeBomb_5.png"
      },
	  {
        "img": "images/48_TimeBomb_6.png"
      },
      {
        "img": "images/48_TimeBomb_7.png"
      }
    ]
  },
	// Flippers
	{
		"name": "Giant Leaves",
		"type": "toggle",
		"loop": "true",
		"img": "images/7C_GiantLeaves.png",
		"codes": "flippers, giantleaves, swimmingleave"
	},
	// Claws
	{
		"name": "Sharp Claws",
		"type": "toggle",
		"loop": "true",
		"img": "images/7D_SharpClaws.png",
		"codes": "claws, sharpclaws, birdclaws"
	},
	// Boots
	{
		"name": "Speed Shoes",
		"type": "toggle",
		"loop": "true",
		"img": "images/7B_SpeedShoes.png",
		"codes": "boots, speedboots, speedshoes"
	},
	// Air Herb
	{
		"name": "Air Herb",
		"type": "toggle",
		"loop": "true",
		"img": "images/7E_AirHerb.png",
		"codes": "airherb, herb"
	},
	// Starstones
	{
    "name": "Starstones",
    "type": "progressive",
    "loop": "false",
    "allow_disabled": "false",
    "stages": [
      {
        "img": "images/4C_Starstone.png",
        "img_mods": "@disabled"
      },
      {
        "img": "images/4C_Starstone_1.png",
        "codes": "starstones"
      },
      {
        "img": "images/4C_Starstone_2.png"
      },
      {
        "img": "images/4C_Starstone_3.png"
      },
	  {
        "img": "images/4C_Starstone_4.png"
      },
	  {
        "img": "images/4C_Starstone_5.png"
      }
    ]
  },
	// Ra Dewdrop
	{
		"name": "Ra Dewdrop",
		"type": "toggle",
		"loop": "true",
		"img": "images/3F_RaDewdrop.png",
		"codes": "dewdrop, radewdrop, radew"
	},
	// Snowgrass Leaf
	{
		"name": "Snowgrass Leaf",
		"type": "toggle",
		"loop": "true",
		"img": "images/33_SnowgrassLeaf.png",
		"codes": "snowleaf, snowgrass, snowgrassleaf"
	},
	// Scarf
	{
		"name": "Red Scarf",
		"type": "toggle",
		"loop": "true",
		"img": "images/34_RedScarf.png",
		"codes": "scarf, redscarf"
	},
	// Seal
	{
		"name": "Holy Seal",
		"type": "toggle",
		"loop": "true",
		"img": "images/35_HolySeal.png",
		"codes": "seal, holyseal, holyzheal"
	},
	// Flower
	{
		"name": "Pretty Flower",
		"type": "toggle",
		"loop": "true",
		"img": "images/5A_PrettyFlower.png",
		"codes": "flower, prettyflower, penguinfood"
	},
	// Bell
	{
		"name": "Protect Bell",
		"type": "toggle",
		"loop": "true",
		"img": "images/36_ProtectBell.png",
		"codes": "bell, protectbell"
	},
	// Flute
	{
		"name": "Dog Whistle",
		"type": "toggle",
		"loop": "true",
		"img": "images/43_DogWhistle.png",
		"codes": "whistle, dogwhistle, flute, dogflute"
	},
	// Tower Key
	{
		"name": "Tower Key",
		"type": "toggle",
		"loop": "true",
		"img": "images/3E_TowerKey.png",
		"codes": "towerkey"
	},
	// Sewer Key
	{
		"name": "Sewer Key",
		"type": "toggle",
		"loop": "true",
		"img": "images/4B_SewerKey.png",
		"codes": "sewerkey"
	},
	// Anchor
	{
		"name": "Magic Anchor",
		"type": "toggle",
		"loop": "true",
		"img": "images/49_MagicAnchor.png",
		"codes": "anchor, magicanchor"
	},
	// Dungeon Ra Tree
  {
    "name": "Ra Tree",
    "type": "progressive_toggle",
    "stages": [
		{
		"img": "images/Dungeon_Ra_Tree_Unknown.png",
		"codes": "ratree, ratreeunknown"
		},
		{
		"img": "images/Dungeon_Ra_Tree_Starstone.png",
		"codes": "ratree, ratreestarstone"
		},
		{
		"img": "images/Dungeon_Ra_Tree_Bomb.png",
		"codes": "ratree, ratreebombs"
		}
		]
},
	// Dungeon Great Cliff
	{
	"name": "Great Cliffs",
	"type": "progressive_toggle",
	"stages": [
		{
		"img": "images/dungeon_great_cliff_unknown.png",
		"codes": "greatcliff, greatcliffunknown"
		},
		{
		"img": "images/dungeon_great_cliff_starstone.png",
		"codes": "greatcliff, greatcliffstarstone"
		},
		{
		"img": "images/dungeon_great_cliff_bombs.png",
		"codes": "greatcliff, greatcliffbombs"
		}
		]
	},
	// Dungeon Zue
	{
	"name": "Zue",
	"type": "progressive_toggle",
	"stages": [
		{
		"img": "images/dungeon_zue_unknown.png",
		"codes": "zue, zueunknown"
		},
		{
		"img": "images/dungeon_zue_starstone.png",
		"codes": "zue, zuestarstone"
		},
		{
		"img": "images/dungeon_zue_bombs.png",
		"codes": "zue, zuebombs"
		}
		]
	},
	// Dungeon Eklamata
	{
	"name": "Eklamata",
	"type": "progressive_toggle",
	"stages": [
		{
		"img": "images/dungeon_eklamata_unknown.png",
		"codes": "eklamata, eklamataunknown"
		},
		{
		"img": "images/dungeon_eklamata_starstone.png",
		"codes": "eklamata, eklamatastarstone"
		},
		{
		"img": "images/dungeon_eklamata_bombs.png",
		"codes": "eklamata, eklamatabombs"
		}
		]
	},
	// Dungeon Louran
	{
	"name": "Louran",
	"type": "progressive_toggle",
	"stages": [
		{
		"img": "images/dungeon_louran_unknown.png",
		"codes": "louran, louranunknown"
		},
		{
		"img": "images/dungeon_louran_starstone.png",
		"codes": "louran, louranstarstone"
		},
		{
		"img": "images/dungeon_louran_bombs.png",
		"codes": "louran, louranbombs"
		}
		]
	},
	// Dungeon Sylvain
	{
	"name": "Sylvain",
	"type": "progressive_toggle",
	"stages": [
		{
		"img": "images/dungeon_sylvain_unknown.png",
		"codes": "sylvain, sylvainunknown"
		},
		{
		"img": "images/dungeon_sylvain_starstone.png",
		"codes": "sylvain, sylvainstarstone"
		},
		{
		"img": "images/dungeon_sylvain_bombs.png",
		"codes": "sylvain, sylvainbombs"
		}
		]
	},
	// Dungeon Mermaid Tower
	{
	"name": "Mermaid Tower",
	"type": "progressive_toggle",
	"stages": [
		{
		"img": "images/dungeon_mermaid_unknown.png",
		"codes": "mermaidtower, mermaidunknown"
		},
		{
		"img": "images/dungeon_mermaid_starstone.png",
		"codes": "mermaidtower, mermaidstarstone"
		},
		{
		"img": "images/dungeon_mermaid_bombs.png",
		"codes": "mermaidtower, mermaidbombs"
		}
		]
	},
	// Dungeon Great Lakes
	{
	"name": "Great Lakes",
	"type": "progressive_toggle",
	"stages": [
		{
		"img": "images/dungeon_greatlakes_unknown.png",
		"codes": "greatlakes, greatlakesunknown"
		},
		{
		"img": "images/dungeon_greatlakes_starstone.png",
		"codes": "greatlakes, greatlakesstarstone"
		},
		{
		"img": "images/dungeon_greatlakes_bombs.png",
		"codes": "greatlakes, greatlakesbombs"
		}
		]
	},
	// Dungeon Berugas Lab
	{
	"name": "Berugas Lab",
	"type": "progressive_toggle",
	"stages": [
		{
		"img": "images/dungeon_berugaslab_unknown.png",
		"codes": "berugaslab, berugaslabunknown"
		},
		{
		"img": "images/dungeon_berugaslab_starstone.png",
		"codes": "berugaslab, berugaslabstarstone"
		},
		{
		"img": "images/dungeon_berugaslab_bombs.png",
		"codes": "berugaslab, berugaslabbombs"
		}
		]
	},
	// Dungeon Neotokio Sewers
	{
	"name": "Neotokio Sewers",
	"type": "progressive_toggle",
	"stages": [
		{
		"img": "images/dungeon_neotokio_unknown.png",
		"codes": "neotokiosewers, neotokiosewersunknown"
		},
		{
		"img": "images/dungeon_neotokio_starstone.png",
		"codes": "neotokiosewers, neotokiosewersstarstone"
		},
		{
		"img": "images/dungeon_neotokio_bombs.png",
		"codes": "neotokiosewers, neotokiosewersbombs"
		}
		]
	},
	// Dungeon Astarika
	{
	"name": "Astarika",
	"type": "progressive_toggle",
	"stages": [
		{
		"img": "images/dungeon_astarika_unknown.png",
		"codes": "astarika, astarikaunknown"
		},
		{
		"img": "images/dungeon_astarika_starstone.png",
		"codes": "astarika, astarikastarstone"
		},
		{
		"img": "images/dungeon_astarika_bombs.png",
		"codes": "astarika, astarikabombs"
		}
		]
	},
	// Dungeon Penguina
	{
	"name": "Penguina",
	"type": "progressive_toggle",
	"stages": [
		{
		"img": "images/dungeon_penguina_unknown.png",
		"codes": "penguina, penguinaunknown"
		},
		{
		"img": "images/dungeon_penguina_starstone.png",
		"codes": "penguina, penguinastarstone"
		},
		{
		"img": "images/dungeon_penguina_bombs.png",
		"codes": "penguina, penguinabombs"
		}
		]
	},
	// Dungeon Norfest Forest
	{
		"name": "Norfest Forest",
		"type": "toggle",
		"loop": "false",
		"img": "images/dungeon_norfest.png",
		"codes": "norfest"
	},
	// Dungeon Dragoon Castle
	{
		"name": "Dragoon Castle",
		"type": "toggle",
		"loop": "false",
		"img": "images/dungeon_dragoon.png",
		"codes": "dragoon, dragooncastle"
	},
	// Ra Chest
	{
    "name": "Ra Chests",
    "type": "progressive",
    "loop": "true",
    "allow_disabled": "false",
    "stages": [
      {
        "img": "images/chest_closed.png",
		"img_mods": "overlay|images/14.png",
		"codes": "rachests, ra14"
      },
	  {
        "img": "images/chest_closed.png",
		"img_mods": "overlay|images/13.png",
		"codes": "rachests, ra13"
      },
	  {
        "img": "images/chest_closed.png",
		"img_mods": "overlay|images/12.png",
		"codes": "rachests, ra12"
      },
	  {
        "img": "images/chest_closed.png",
		"img_mods": "overlay|images/11.png",
		"codes": "rachests, ra11"
      },
	  {
        "img": "images/chest_closed.png",
		"img_mods": "overlay|images/10.png",
		"codes": "rachests, ra10"
      },
	  {
        "img": "images/chest_closed.png",
		"img_mods": "overlay|images/9.png",
		"codes": "rachests, ra9"
      },
	  {
        "img": "images/chest_closed.png",
		"img_mods": "overlay|images/8.png",
		"codes": "rachests, ra8"
      },
	  {
        "img": "images/chest_closed.png",
		"img_mods": "overlay|images/7.png",
		"codes": "rachests, ra7"
      },
	  {
        "img": "images/chest_closed.png",
		"img_mods": "overlay|images/6.png",
		"codes": "rachests, ra6"
      },
	  {
        "img": "images/chest_closed.png",
		"img_mods": "overlay|images/5.png",
		"codes": "rachests, ra5"
      },
	  {
        "img": "images/chest_closed.png",
		"img_mods": "overlay|images/4.png",
		"codes": "rachests, ra4"
      },
	  {
        "img": "images/chest_closed.png",
		"img_mods": "overlay|images/3.png",
		"codes": "rachests, ra3"
      },
	  {
        "img": "images/chest_closed.png",
		"img_mods": "overlay|images/2.png",
		"codes": "rachests, ra2"
      },
	  {
        "img": "images/chest_closed.png",
		"img_mods": "overlay|images/1.png",
		"codes": "rachests, ra1"
      },
	  {
        "img": "images/chest_open.png",
		"codes": "openchest"
      }
    ]
	},
	// Great Cliff Chest
	{
    "name": "Ra Chests",
    "type": "progressive",
    "loop": "true",
    "allow_disabled": "false",
    "stages": [
      {
        "img": "images/chest_closed.png",
		"img_mods": "overlay|images/7.png",
		"codes": "greatcliffchest, greatcliff7"
      },
      {
        "img": "images/chest_closed.png",
		"img_mods": "overlay|images/6.png",
		"codes": "greatcliffchest, greatcliff6"
      },
	  {
        "img": "images/chest_closed.png",
		"img_mods": "overlay|images/5.png",
		"codes": "greatcliffchest, greatcliff5"
      },
	  {
        "img": "images/chest_closed.png",
		"img_mods": "overlay|images/4.png",
		"codes": "greatcliffchest, greatcliff4"
      },
	  {
        "img": "images/chest_closed.png",
		"img_mods": "overlay|images/3.png",
		"codes": "greatcliffchest, greatcliff3"
      },
	  {
        "img": "images/chest_closed.png",
		"img_mods": "overlay|images/2.png",
		"codes": "greatcliffchest, greatcliff2"
      },
	  {
        "img": "images/chest_closed.png",
		"img_mods": "overlay|images/1.png",
		"codes": "greatcliffchest, greatcliff1"
      },
	  {
        "img": "images/chest_open.png",
		"codes": "openchest"
      }
    ]
	},
	// Zue Chest
	{
    "name": "Zue Chests",
    "type": "progressive",
    "loop": "true",
    "allow_disabled": "false",
    "stages": [
	  {
        "img": "images/chest_closed.png",
		"img_mods": "overlay|images/10.png",
		"codes": "zuechest, zue10"
      },
	  {
        "img": "images/chest_closed.png",
		"img_mods": "overlay|images/9.png",
		"codes": "zuechest, zue9"
      },
	  {
        "img": "images/chest_closed.png",
		"img_mods": "overlay|images/8.png",
		"codes": "zuechest, zue8"
      },
      {
        "img": "images/chest_closed.png",
		"img_mods": "overlay|images/7.png",
		"codes": "zuechest, zue7"
      },
      {
        "img": "images/chest_closed.png",
		"img_mods": "overlay|images/6.png",
		"codes": "zuechest, zue6"
      },
	  {
        "img": "images/chest_closed.png",
		"img_mods": "overlay|images/5.png",
		"codes": "zuechest, zue5"
      },
	  {
        "img": "images/chest_closed.png",
		"img_mods": "overlay|images/4.png",
		"codes": "zuechest, zue4"
      },
	  {
        "img": "images/chest_closed.png",
		"img_mods": "overlay|images/3.png",
		"codes": "zuechest, zue3"
      },
	  {
        "img": "images/chest_closed.png",
		"img_mods": "overlay|images/2.png",
		"codes": "zuechest, zu2"
      },
	  {
        "img": "images/chest_closed.png",
		"img_mods": "overlay|images/1.png",
		"codes": "zuechest, zue1"
      },
	  {
        "img": "images/chest_open.png",
		"codes": "openchest"
      }
    ]
	},
	// Eklamata Chest
	{
    "name": "Eklamata Chests",
    "type": "progressive",
    "loop": "true",
    "allow_disabled": "false",
    "stages": [
	  {
        "img": "images/chest_closed.png",
		"img_mods": "overlay|images/10.png",
		"codes": "eklachest, ekla10"
      },
	  {
        "img": "images/chest_closed.png",
		"img_mods": "overlay|images/9.png",
		"codes": "eklachest, ekla9"
      },
	  {
        "img": "images/chest_closed.png",
		"img_mods": "overlay|images/8.png",
		"codes": "eklachest, ekla8"
      },
      {
        "img": "images/chest_closed.png",
		"img_mods": "overlay|images/7.png",
		"codes": "eklachest, ekla7"
      },
      {
        "img": "images/chest_closed.png",
		"img_mods": "overlay|images/6.png",
		"codes": "eklachest, ekla6"
      },
	  {
        "img": "images/chest_closed.png",
		"img_mods": "overlay|images/5.png",
		"codes": "eklachest, ekla5"
      },
	  {
        "img": "images/chest_closed.png",
		"img_mods": "overlay|images/4.png",
		"codes": "eklachest, ekla4"
      },
	  {
        "img": "images/chest_closed.png",
		"img_mods": "overlay|images/3.png",
		"codes": "eklachest, ekla3"
      },
	  {
        "img": "images/chest_closed.png",
		"img_mods": "overlay|images/2.png",
		"codes": "eklachest, ekla2"
      },
	  {
        "img": "images/chest_closed.png",
		"img_mods": "overlay|images/1.png",
		"codes": "eklachest, ekla1"
      },
	  {
        "img": "images/chest_open.png",
		"codes": "openchest"
      }
    ]
	},
	// Louran Chest
	{
    "name": "Louran Chests",
    "type": "progressive",
    "loop": "true",
    "allow_disabled": "false",
    "stages": [
	  {
        "img": "images/chest_closed.png",
		"img_mods": "overlay|images/9.png",
		"codes": "louranchest, louran9"
      },
	  {
        "img": "images/chest_closed.png",
		"img_mods": "overlay|images/8.png",
		"codes": "louranchest, louran8"
      },
      {
        "img": "images/chest_closed.png",
		"img_mods": "overlay|images/7.png",
		"codes": "louranchest, louran7"
      },
      {
        "img": "images/chest_closed.png",
		"img_mods": "overlay|images/6.png",
		"codes": "louranchest, louran6"
      },
	  {
        "img": "images/chest_closed.png",
		"img_mods": "overlay|images/5.png",
		"codes": "louranchest, louran5"
      },
	  {
        "img": "images/chest_closed.png",
		"img_mods": "overlay|images/4.png",
		"codes": "louranchest, louran4"
      },
	  {
        "img": "images/chest_closed.png",
		"img_mods": "overlay|images/3.png",
		"codes": "louranchest, louran3"
      },
	  {
        "img": "images/chest_closed.png",
		"img_mods": "overlay|images/2.png",
		"codes": "louranchest, louran2"
      },
	  {
        "img": "images/chest_closed.png",
		"img_mods": "overlay|images/1.png",
		"codes": "louranchest, louran1"
      },
	  {
        "img": "images/chest_open.png",
		"codes": "openchest"
      }
    ]
	},
	// Sylvain Chest
	{
    "name": "Sylvain Chests",
    "type": "progressive",
    "loop": "true",
    "allow_disabled": "false",
    "stages": [
	  {
        "img": "images/chest_closed.png",
		"img_mods": "overlay|images/9.png",
		"codes": "sylvainchest, sylvain9"
      },
	  {
        "img": "images/chest_closed.png",
		"img_mods": "overlay|images/8.png",
		"codes": "sylvainchest, sylvain8"
      },
      {
        "img": "images/chest_closed.png",
		"img_mods": "overlay|images/7.png",
		"codes": "sylvainchest, sylvain7"
      },
      {
        "img": "images/chest_closed.png",
		"img_mods": "overlay|images/6.png",
		"codes": "sylvainchest, sylvain6"
      },
	  {
        "img": "images/chest_closed.png",
		"img_mods": "overlay|images/5.png",
		"codes": "sylvainchest, sylvain5"
      },
	  {
        "img": "images/chest_closed.png",
		"img_mods": "overlay|images/4.png",
		"codes": "sylvainchest, sylvain4"
      },
	  {
        "img": "images/chest_closed.png",
		"img_mods": "overlay|images/3.png",
		"codes": "sylvainchest, sylvain3"
      },
	  {
        "img": "images/chest_closed.png",
		"img_mods": "overlay|images/2.png",
		"codes": "sylvainchest, sylvain2"
      },
	  {
        "img": "images/chest_closed.png",
		"img_mods": "overlay|images/1.png",
		"codes": "sylvainchest, sylvain1"
      },
	  {
        "img": "images/chest_open.png",
		"codes": "openchest"
      }
    ]
	},
	// Mermaids Chest
	{
    "name": "Mermaids Chests",
    "type": "progressive",
    "loop": "true",
    "allow_disabled": "false",
    "stages": [
	  {
        "img": "images/chest_closed.png",
		"img_mods": "overlay|images/1.png",
		"codes": "mermaidschest, mermaid1"
      },
	  {
        "img": "images/chest_open.png",
		"codes": "openchest"
      }
    ]
	},
	// Great Lakes Chest
	{
    "name": "Great Lakes Chests",
    "type": "progressive",
    "loop": "true",
    "allow_disabled": "false",
    "stages": [
	  {
        "img": "images/chest_closed.png",
		"img_mods": "overlay|images/5.png",
		"codes": "greatlakeschest, greatlakes5"
      },
	  {
        "img": "images/chest_closed.png",
		"img_mods": "overlay|images/4.png",
		"codes": "greatlakeschest, greatlakes4"
      },
	  {
        "img": "images/chest_closed.png",
		"img_mods": "overlay|images/3.png",
		"codes": "greatlakeschest, greatlakes3"
      },
	  {
        "img": "images/chest_closed.png",
		"img_mods": "overlay|images/2.png",
		"codes": "greatlakeschest, greatlakes2"
      },
	  {
        "img": "images/chest_closed.png",
		"img_mods": "overlay|images/1.png",
		"codes": "greatlakeschest, greatlakes1"
      },
	  {
        "img": "images/chest_open.png",
		"codes": "openchest"
      }
    ]
	},
	// Berugas Lab Chest
	{
    "name": "Berugas Lab Chests",
    "type": "progressive",
    "loop": "true",
    "allow_disabled": "false",
    "stages": [
	  {
        "img": "images/chest_closed.png",
		"img_mods": "overlay|images/2.png",
		"codes": "berugaslabchest, lab2"
      },
	  {
        "img": "images/chest_closed.png",
		"img_mods": "overlay|images/1.png",
		"codes": "berugaslabchest, lab1"
      },
	  {
        "img": "images/chest_open.png",
		"codes": "openchest"
      }
    ]
	},
	// Neotokio Sewers Chest
	{
    "name": "Neotokio Sewers Chests",
    "type": "progressive",
    "loop": "true",
    "allow_disabled": "false",
    "stages": [
	  {
        "img": "images/chest_closed.png",
		"img_mods": "overlay|images/5.png",
		"codes": "neotokiochest, sewers5"
      },
	  {
        "img": "images/chest_closed.png",
		"img_mods": "overlay|images/4.png",
		"codes": "neotokiochest, sewers4"
      },
	  {
        "img": "images/chest_closed.png",
		"img_mods": "overlay|images/3.png",
		"codes": "neotokiochest, sewers3"
      },
	  {
        "img": "images/chest_closed.png",
		"img_mods": "overlay|images/2.png",
		"codes": "neotokiochest, sewers2"
      },
	  {
        "img": "images/chest_closed.png",
		"img_mods": "overlay|images/1.png",
		"codes": "neotokiochest, sewers1"
      },
	  {
        "img": "images/chest_open.png",
		"codes": "openchest"
      }
    ]
	},
	// Astarica Chest
	{
    "name": "Astarica Chests",
    "type": "progressive",
    "loop": "true",
    "allow_disabled": "false",
    "stages": [
	  {
        "img": "images/chest_closed.png",
		"img_mods": "overlay|images/1.png",
		"codes": "astarikachest, mermaid1"
      },
	  {
        "img": "images/chest_open.png",
		"codes": "openchest"
      }
    ]
	},
	// Norfest Forest Chest
	{
    "name": "Norfest Forest Chests",
    "type": "progressive",
    "loop": "true",
    "allow_disabled": "false",
    "stages": [
	  {
        "img": "images/chest_closed.png",
		"img_mods": "overlay|images/7.png",
		"codes": "forestchest, forest7"
      },
	  {
        "img": "images/chest_closed.png",
		"img_mods": "overlay|images/6.png",
		"codes": "forestchest, forest6"
      },
	  {
        "img": "images/chest_closed.png",
		"img_mods": "overlay|images/5.png",
		"codes": "forestchest, forest5"
      },
	  {
        "img": "images/chest_closed.png",
		"img_mods": "overlay|images/4.png",
		"codes": "forestchest, forest4"
      },
	  {
        "img": "images/chest_closed.png",
		"img_mods": "overlay|images/3.png",
		"codes": "forestchest, forest3"
      },
	  {
        "img": "images/chest_closed.png",
		"img_mods": "overlay|images/2.png",
		"codes": "forestchest, forest2"
      },
	  {
        "img": "images/chest_closed.png",
		"img_mods": "overlay|images/1.png",
		"codes": "forestchest, forest1"
      },
	  {
        "img": "images/chest_open.png",
		"codes": "openchest"
      }
    ]
	},
	// Dragoon Castle Chest
	{
    "name": "Dragoon Castle Chests",
    "type": "progressive",
    "loop": "true",
    "allow_disabled": "false",
    "stages": [
	  {
        "img": "images/chest_closed.png",
		"img_mods": "overlay|images/7.png",
		"codes": "dragoonchest, dragoon7"
      },
	  {
        "img": "images/chest_closed.png",
		"img_mods": "overlay|images/6.png",
		"codes": "dragoonchest, dragoon6"
      },
	  {
        "img": "images/chest_closed.png",
		"img_mods": "overlay|images/5.png",
		"codes": "dragoonchest, dragoon5"
      },
	  {
        "img": "images/chest_closed.png",
		"img_mods": "overlay|images/4.png",
		"codes": "dragoonchest, dragoon4"
      },
	  {
        "img": "images/chest_closed.png",
		"img_mods": "overlay|images/3.png",
		"codes": "dragoonchest, dragoon3"
      },
	  {
        "img": "images/chest_closed.png",
		"img_mods": "overlay|images/2.png",
		"codes": "dragoonchest, dragoon2"
      },
	  {
        "img": "images/chest_closed.png",
		"img_mods": "overlay|images/1.png",
		"codes": "dragoonchest, dragoon1"
      },
	  {
        "img": "images/chest_open.png",
		"codes": "openchest"
      }
    ]
	}
]