﻿{
  "tracker_broadcast": {
    "background": "#232323",
    "type": "itemgrid",
    "h_alignment": "center",
    "item_margin": "1,1",
    "rows": [
		[ "", "flippers",  "claws", "plane", "", "", "sylvain" ],
		[ "towerkey",  "ruby", "snowleaf", "seal", "scarf", "", "louran" ],
		[ "sewerkey",  "airherb", "anchor", "flower", "dewdrop", "", "eklamata" ],
		[ "", "bell",  "flute", "boots", "", "", "zue" ],
		[ "", "", "", "", "", "starstones", "airsrock" ],
		[ "ratree", "greatcliff", "greatlakes", "penguina", "mermaidtower", "neotokiosewers", "berugaslab" ]	  
    ]
  }
}
