﻿{
  "shared_item_grid": {
    "type": "itemgrid",
    "h_alignment": "center",
    "item_margin": "1,1",
    "rows": [
		[ ],
		[ ],
		[ "", "flippers",  "claws", "plane", "", "", "sylvain" ],
		[ "towerkey",  "ruby", "snowleaf", "seal", "scarf", "", "louran" ],
		[ "sewerkey",  "airherb", "anchor", "flower", "dewdrop", "", "eklamata" ],
		[ "", "bell",  "flute", "boots", "", "", "zue" ],
		[ "", "", "", "", "", "starstones", "airsrock" ],
		[ "ratree", "greatcliff", "greatlakes", "penguina", "mermaidtower", "neotokiosewers", "berugaslab" ],
		//[ "sylvainchest", "mermaidschest", "greatlakeschest", "berugaslabchest", "neotokiochest", "astarikachest", "forestchest" ],
		[ ],
		[ ]
    ]
  },
  "tracker_default": {
    "type": "container",
    "background": "#000000",
    "width": 260,
    "content": {
      "type": "layout",
      "dropshadow": false,
      "margin": 0,
      "key": "shared_item_grid"
    }
  }
}
