﻿{
  "shared_item_grid": {
    "type": "itemgrid",
    "h_alignment": "center",
    "item_margin": "1,1",
    "rows": [
		[ ],
		[ ],
		[ "",  "ruby", "ship", "plane", "bombs", "", "ratree", "rachests" ],
		[ "flippers",  "claws", "boots", "airherb", "starstones", "", "greatcliff", "greatcliffchest" ],
		[ "dewdrop",  "snowleaf", "scarf", "seal", "flower", "", "zue", "zuechest" ],
		[ "bell",  "flute", "towerkey", "sewerkey", "anchor", "", "eklamata", "eklachest" ],
		[ "", "", "", "", "airsrock", "penguina", "louran", "louranchest" ],
		[ "sylvain", "mermaidtower", "greatlakes", "berugaslab", "neotokiosewers", "astarika", "norfest", "dragooncastle" ],
		[ "sylvainchest", "mermaidschest", "greatlakeschest", "berugaslabchest", "neotokiochest", "astarikachest", "forestchest", "dragoonchest" ],
		[ ],
		[ ]
    ]
  },
  "tracker_default": {
    "type": "container",
    "background": "#000000",
    "width": 330,
    "content": {
      "type": "layout",
      "dropshadow": false,
      "margin": 1,
      "key": "shared_item_grid"
    }
  }
}
